,SpearmanR,Performance_Increase,Wilcoxon_p-value,mean_top_n_guides
1DCNN_wang_median-sub_guide,0.5548,41.72,5.71555123063442e-20,-9.49873543073578
1DCNN_rousset_E18_median-sub_guide,0.4217,41.72,5.71555123063442e-20,-9.49873543073578
1DCNN_wang_rousset_E18_median-sub_guide,0.5143,41.72,5.71555123063442e-20,-9.49873543073578
